{
  "hash": "a8081395",
  "browserHash": "c1976ca3",
  "optimized": {
    "zone.js": {
      "src": "../../../../../node_modules/zone.js/fesm2015/zone.js",
      "file": "zone__js.js",
      "fileHash": "12226de8",
      "needsInterop": true
    },
    "@angular/platform-browser": {
      "src": "../../../../../node_modules/@angular/platform-browser/fesm2022/platform-browser.mjs",
      "file": "@angular_platform-browser.js",
      "fileHash": "b9010873",
      "needsInterop": false
    },
    "@angular/core": {
      "src": "../../../../../node_modules/@angular/core/fesm2022/core.mjs",
      "file": "@angular_core.js",
      "fileHash": "cfffe312",
      "needsInterop": false
    },
    "@angular/platform-browser/animations": {
      "src": "../../../../../node_modules/@angular/platform-browser/fesm2022/animations.mjs",
      "file": "@angular_platform-browser_animations.js",
      "fileHash": "ed2fff04",
      "needsInterop": false
    },
    "ngx-localstorage": {
      "src": "../../../../../node_modules/ngx-localstorage/fesm2020/ngx-localstorage.mjs",
      "file": "ngx-localstorage.js",
      "fileHash": "69853ba8",
      "needsInterop": false
    },
    "@angular/common": {
      "src": "../../../../../node_modules/@angular/common/fesm2022/common.mjs",
      "file": "@angular_common.js",
      "fileHash": "29974ffb",
      "needsInterop": false
    },
    "@ngx-translate/core": {
      "src": "../../../../../node_modules/@ngx-translate/core/dist/fesm2022/ngx-translate-core.mjs",
      "file": "@ngx-translate_core.js",
      "fileHash": "a4c2020a",
      "needsInterop": false
    },
    "primeng/api": {
      "src": "../../../../../node_modules/primeng/fesm2022/primeng-api.mjs",
      "file": "primeng_api.js",
      "fileHash": "5f13f53b",
      "needsInterop": false
    },
    "primeng/image": {
      "src": "../../../../../node_modules/primeng/fesm2022/primeng-image.mjs",
      "file": "primeng_image.js",
      "fileHash": "b9fea0c7",
      "needsInterop": false
    },
    "primeng/overlaypanel": {
      "src": "../../../../../node_modules/primeng/fesm2022/primeng-overlaypanel.mjs",
      "file": "primeng_overlaypanel.js",
      "fileHash": "847e685e",
      "needsInterop": false
    },
    "@angular/router": {
      "src": "../../../../../node_modules/@angular/router/fesm2022/router.mjs",
      "file": "@angular_router.js",
      "fileHash": "572d26df",
      "needsInterop": false
    },
    "primeng/toast": {
      "src": "../../../../../node_modules/primeng/fesm2022/primeng-toast.mjs",
      "file": "primeng_toast.js",
      "fileHash": "cc660474",
      "needsInterop": false
    },
    "@angular/forms": {
      "src": "../../../../../node_modules/@angular/forms/fesm2022/forms.mjs",
      "file": "@angular_forms.js",
      "fileHash": "257c38d3",
      "needsInterop": false
    },
    "@angular/common/http": {
      "src": "../../../../../node_modules/@angular/common/fesm2022/http.mjs",
      "file": "@angular_common_http.js",
      "fileHash": "d534e7e0",
      "needsInterop": false
    },
    "@ngx-translate/http-loader": {
      "src": "../../../../../node_modules/@ngx-translate/http-loader/dist/fesm2022/ngx-translate-http-loader.mjs",
      "file": "@ngx-translate_http-loader.js",
      "fileHash": "f42d2af8",
      "needsInterop": false
    },
    "rxjs": {
      "src": "../../../../../node_modules/rxjs/dist/esm5/index.js",
      "file": "rxjs.js",
      "fileHash": "00c1ab6e",
      "needsInterop": false
    },
    "primeng/panelmenu": {
      "src": "../../../../../node_modules/primeng/fesm2022/primeng-panelmenu.mjs",
      "file": "primeng_panelmenu.js",
      "fileHash": "90a805e3",
      "needsInterop": false
    },
    "primeng/card": {
      "src": "../../../../../node_modules/primeng/fesm2022/primeng-card.mjs",
      "file": "primeng_card.js",
      "fileHash": "85e18d1e",
      "needsInterop": false
    },
    "primeng/inputtext": {
      "src": "../../../../../node_modules/primeng/fesm2022/primeng-inputtext.mjs",
      "file": "primeng_inputtext.js",
      "fileHash": "50b835d2",
      "needsInterop": false
    },
    "primeng/button": {
      "src": "../../../../../node_modules/primeng/fesm2022/primeng-button.mjs",
      "file": "primeng_button.js",
      "fileHash": "c3ffbb3f",
      "needsInterop": false
    },
    "primeng/checkbox": {
      "src": "../../../../../node_modules/primeng/fesm2022/primeng-checkbox.mjs",
      "file": "primeng_checkbox.js",
      "fileHash": "777f2630",
      "needsInterop": false
    },
    "primeng/tooltip": {
      "src": "../../../../../node_modules/primeng/fesm2022/primeng-tooltip.mjs",
      "file": "primeng_tooltip.js",
      "fileHash": "9e91985d",
      "needsInterop": false
    },
    "primeng/dynamicdialog": {
      "src": "../../../../../node_modules/primeng/fesm2022/primeng-dynamicdialog.mjs",
      "file": "primeng_dynamicdialog.js",
      "fileHash": "a98c1a00",
      "needsInterop": false
    },
    "primeng/avatar": {
      "src": "../../../../../node_modules/primeng/fesm2022/primeng-avatar.mjs",
      "file": "primeng_avatar.js",
      "fileHash": "2ac229f7",
      "needsInterop": false
    },
    "primeng/divider": {
      "src": "../../../../../node_modules/primeng/fesm2022/primeng-divider.mjs",
      "file": "primeng_divider.js",
      "fileHash": "0e6bd5de",
      "needsInterop": false
    },
    "rxjs/operators": {
      "src": "../../../../../node_modules/rxjs/dist/esm5/operators/index.js",
      "file": "rxjs_operators.js",
      "fileHash": "d51876cb",
      "needsInterop": false
    },
    "xlsx": {
      "src": "../../../../../node_modules/xlsx/xlsx.mjs",
      "file": "xlsx.js",
      "fileHash": "e5e321f0",
      "needsInterop": false
    },
    "file-saver": {
      "src": "../../../../../node_modules/file-saver/dist/FileSaver.min.js",
      "file": "file-saver.js",
      "fileHash": "ad3a1b57",
      "needsInterop": true
    },
    "primeng/fileupload": {
      "src": "../../../../../node_modules/primeng/fesm2022/primeng-fileupload.mjs",
      "file": "primeng_fileupload.js",
      "fileHash": "ca90d4be",
      "needsInterop": false
    },
    "primeng/table": {
      "src": "../../../../../node_modules/primeng/fesm2022/primeng-table.mjs",
      "file": "primeng_table.js",
      "fileHash": "b949d175",
      "needsInterop": false
    },
    "primeng/editor": {
      "src": "../../../../../node_modules/primeng/fesm2022/primeng-editor.mjs",
      "file": "primeng_editor.js",
      "fileHash": "14a7d24d",
      "needsInterop": false
    },
    "primeng/inputtextarea": {
      "src": "../../../../../node_modules/primeng/fesm2022/primeng-inputtextarea.mjs",
      "file": "primeng_inputtextarea.js",
      "fileHash": "734e7d5d",
      "needsInterop": false
    },
    "primeng/inputnumber": {
      "src": "../../../../../node_modules/primeng/fesm2022/primeng-inputnumber.mjs",
      "file": "primeng_inputnumber.js",
      "fileHash": "a86962cd",
      "needsInterop": false
    },
    "tslib": {
      "src": "../../../../../node_modules/tslib/tslib.es6.mjs",
      "file": "tslib.js",
      "fileHash": "8e3fcfe3",
      "needsInterop": false
    }
  },
  "chunks": {
    "chunk-DW7I2UOV": {
      "file": "chunk-DW7I2UOV.js"
    },
    "chunk-QLW4XV5J": {
      "file": "chunk-QLW4XV5J.js"
    },
    "chunk-Z6RSJ3DK": {
      "file": "chunk-Z6RSJ3DK.js"
    },
    "chunk-KHRDRQSF": {
      "file": "chunk-KHRDRQSF.js"
    },
    "chunk-EXFNDU4R": {
      "file": "chunk-EXFNDU4R.js"
    },
    "chunk-EVZ3PBLH": {
      "file": "chunk-EVZ3PBLH.js"
    },
    "chunk-Z3R4BLGF": {
      "file": "chunk-Z3R4BLGF.js"
    },
    "chunk-7OXIODHI": {
      "file": "chunk-7OXIODHI.js"
    },
    "chunk-JYL5AXZN": {
      "file": "chunk-JYL5AXZN.js"
    },
    "chunk-UKH2O2A3": {
      "file": "chunk-UKH2O2A3.js"
    },
    "chunk-AP5LVITY": {
      "file": "chunk-AP5LVITY.js"
    },
    "chunk-RQIPLD6P": {
      "file": "chunk-RQIPLD6P.js"
    },
    "chunk-ZFEZZYMT": {
      "file": "chunk-ZFEZZYMT.js"
    },
    "chunk-CYTHTHVV": {
      "file": "chunk-CYTHTHVV.js"
    },
    "chunk-TQCROI5M": {
      "file": "chunk-TQCROI5M.js"
    },
    "chunk-N3XAYJ3A": {
      "file": "chunk-N3XAYJ3A.js"
    },
    "chunk-X6HTJCNQ": {
      "file": "chunk-X6HTJCNQ.js"
    },
    "chunk-GA7SZJ22": {
      "file": "chunk-GA7SZJ22.js"
    },
    "chunk-MIRZRLCI": {
      "file": "chunk-MIRZRLCI.js"
    },
    "chunk-SPBZRJHT": {
      "file": "chunk-SPBZRJHT.js"
    },
    "chunk-IXJD77KS": {
      "file": "chunk-IXJD77KS.js"
    },
    "chunk-QCYGWUBY": {
      "file": "chunk-QCYGWUBY.js"
    },
    "chunk-37TWHRPH": {
      "file": "chunk-37TWHRPH.js"
    },
    "chunk-4BJ7XQX3": {
      "file": "chunk-4BJ7XQX3.js"
    },
    "chunk-GKWPUQBP": {
      "file": "chunk-GKWPUQBP.js"
    }
  }
}